date,total_cases,new_cases,total_deaths,new_deaths,total_tests,new_tests,positive_rate,total_vaccinations,people_vaccinated,people_fully_vaccinated,new_vaccinations,pre_total_case,active_case,mco1,cmco,rmco,mco2,mco3,fmco,recover1,public_holiday,high_risk_day,election
25/1/2020,3,3,,,,,,,,,,0,3,0,0,0,0,0,0,0,1,1,0
26/1/2020,4,1,,,,,,,,,,3,4,0,0,0,0,0,0,0,1,1,0
27/1/2020,4,0,,,,,,,,,,1,4,0,0,0,0,0,0,0,1,1,0
28/1/2020,4,0,,,,,,,,,,0,4,0,0,0,0,0,0,0,0,1,0
29/1/2020,7,3,,,,,,,,,,0,7,0,0,0,0,0,0,0,0,1,0
30/1/2020,8,1,,,,,,,,,,3,8,0,0,0,0,0,0,0,0,1,0
31/1/2020,8,0,,,,,,,,,,1,8,0,0,0,0,0,0,0,0,1,0
1/2/2020,8,0,,,,,,,,,,0,8,0,0,0,0,0,0,0,0,1,0
2/2/2020,8,0,,,,,,,,,,0,8,0,0,0,0,0,0,0,0,1,0
3/2/2020,8,0,,,,,,,,,,0,8,0,0,0,0,0,0,0,0,0,0
4/2/2020,10,2,,,,,,,,,,0,10,0,0,0,0,0,0,0,0,0,0
5/2/2020,12,2,,,,,,,,,,2,12,0,0,0,0,0,0,0,0,0,0
6/2/2020,12,0,,,,,,,,,,2,12,0,0,0,0,0,0,0,0,0,0
7/2/2020,12,0,,,,,,,,,,0,12,0,0,0,0,0,0,0,0,0,0
8/2/2020,16,4,,,,,,,,,,0,13,0,0,0,0,0,0,0,1,1,0
9/2/2020,16,0,,,,,,,,,,4,12,0,0,0,0,0,0,0,0,0,0
10/2/2020,18,2,,,,,,,,,,0,14,0,0,0,0,0,0,0,0,0,0
11/2/2020,18,0,,,,,,,,,,2,14,0,0,0,0,0,0,0,0,0,0
12/2/2020,18,0,,,,,,,,,,0,11,0,0,0,0,0,0,0,0,0,0
13/2/2020,19,1,,,,,,,,,,0,11,0,0,0,0,0,0,0,0,0,0
14/2/2020,19,0,,,653,,,,,,,1,11,0,0,0,0,0,0,0,0,1,0
15/2/2020,22,3,,,,,,,,,,0,14,0,0,0,0,0,0,0,0,0,0
16/2/2020,22,0,,,656,,,,,,,3,14,0,0,0,0,0,0,0,0,0,0
17/2/2020,22,0,,,757,101,,,,,,0,14,0,0,0,0,0,0,0,0,0,0
18/2/2020,22,0,,,797,40,,,,,,0,12,0,0,0,0,0,0,0,0,0,0
19/2/2020,22,0,,,,,,,,,,0,10,0,0,0,0,0,0,0,0,0,0
20/2/2020,22,0,,,880,,,,,,,0,10,0,0,0,0,0,0,0,0,0,0
21/2/2020,22,0,,,968,88,0.01,,,,,0,10,0,0,0,0,0,0,0,0,0,0
22/2/2020,22,0,,,,,0,,,,,0,6,0,0,0,0,0,0,0,0,0,0
23/2/2020,22,0,,,1028,,0,,,,,0,6,0,0,0,0,0,0,0,0,0,0
24/2/2020,22,0,,,1054,26,0,,,,,0,4,0,0,0,0,0,0,0,0,0,0
25/2/2020,22,0,,,1067,13,0,,,,,0,4,0,0,0,0,0,0,0,0,0,0
26/2/2020,22,0,,,1091,24,0,,,,,0,4,0,0,0,0,0,0,0,0,0,0
27/2/2020,23,1,,,1545,454,0.002,,,,,0,4,0,0,0,0,0,0,0,0,0,0
28/2/2020,23,0,,,1548,3,0.002,,,,,1,4,0,0,0,0,0,0,0,0,0,0
29/2/2020,25,2,,,,,0.005,,,,,0,3,0,0,0,0,0,0,0,0,0,0
1/3/2020,29,4,,,,,0.011,,,,,2,7,0,0,0,0,0,0,0,0,0,0
2/3/2020,29,0,,,1739,,0.01,,,,,4,7,0,0,0,0,0,0,0,0,0,0
3/3/2020,36,7,,,,,0.018,,,,,0,14,0,0,0,0,0,0,0,0,0,0
4/3/2020,50,14,,,1983,,0.031,,,,,7,28,0,0,0,0,0,0,0,0,0,0
5/3/2020,50,0,,,,,0.046,,,,,14,28,0,0,0,0,0,0,0,0,0,0
6/3/2020,83,33,,,,,0.084,,,,,0,61,0,0,0,0,0,0,0,0,0,0
7/3/2020,93,10,,,,,0.086,,,,,33,71,0,0,0,0,0,0,0,0,0,0
8/3/2020,99,6,,,,,0.081,,,,,10,77,0,0,0,0,0,0,0,0,0,0
9/3/2020,117,18,,,2686,,0.093,,,,,6,95,0,0,0,0,0,0,0,0,0,0
10/3/2020,129,12,,,,,0.073,,,,,18,107,0,0,0,0,0,0,0,0,0,0
11/3/2020,149,20,,,3573,,0.062,,,,,12,127,0,0,0,0,0,0,0,0,0,0
12/3/2020,149,0,,,3691,118,0.063,,,,,20,126,0,0,0,0,0,0,0,0,0,0
13/3/2020,197,48,,,,,0.056,,,,,0,174,0,0,0,0,0,0,0,0,0,0
14/3/2020,238,41,,,4899,,0.058,,,,,48,213,0,0,0,0,0,0,0,0,0,0
15/3/2020,428,190,,,,,0.11,,,,,41,399,0,0,0,0,0,0,0,0,0,0
16/3/2020,566,138,,,,,0.128,,,,,190,537,0,0,0,0,0,0,0,0,0,0
17/3/2020,673,107,2,2,6842,,0.147,,,,,138,637,0,0,0,0,0,0,0,0,0,0
18/3/2020,790,117,2,0,,,0.15,,,,,107,740,1,0,0,0,0,0,0,0,0,0
19/3/2020,900,110,2,0,8873,,0.145,,,,,117,850,1,0,0,0,0,0,0,0,0,0
20/3/2020,1030,130,3,1,10143,1270,0.143,,,,,110,947,1,0,0,0,0,0,0,0,0,0
21/3/2020,1183,153,8,5,,,0.163,,,,,130,1090,1,0,0,0,0,0,0,0,0,0
22/3/2020,1306,123,10,2,11275,,0.153,,,,,153,1207,1,0,0,0,0,0,0,0,0,0
23/3/2020,1518,212,14,4,13110,1835,0.138,,,,,123,1401,1,0,0,0,0,0,0,1,1,0
24/3/2020,1624,106,16,2,13594,484,0.141,,,,,212,1495,1,0,0,0,0,0,0,0,0,0
25/3/2020,1796,172,20,4,15820,2226,0.126,,,,,106,1647,1,0,0,0,0,0,0,0,0,0
26/3/2020,2031,235,23,3,16983,1163,0.139,,,,,172,1882,1,0,0,0,0,0,0,0,0,0
27/3/2020,2161,130,26,3,24168,7185,0.081,,,,,235,1964,1,0,0,0,0,0,0,0,0,0
28/3/2020,2320,159,27,1,29461,5293,0.061,,,,,130,2082,1,0,0,0,0,0,0,0,0,0
29/3/2020,2470,150,35,8,,,0.061,,,,,159,2042,1,0,0,0,0,0,0,0,0,0
30/3/2020,2626,156,37,2,31206,,0.061,,,,,150,2060,1,0,0,0,0,0,0,0,0,0
31/3/2020,2766,140,43,6,32264,1058,0.061,,,,,156,2093,1,0,0,0,0,0,0,0,0,0
1/4/2020,2908,142,45,2,35802,3538,0.056,,,,,140,2118,1,0,0,0,0,0,0,0,0,0
2/4/2020,3116,208,50,5,37599,1797,0.053,,,,,142,2216,1,0,0,0,0,0,0,0,0,0
3/4/2020,3333,217,53,3,39458,1859,0.077,,,,,208,2303,1,0,0,0,0,0,0,0,0,0
4/4/2020,3483,150,57,4,40923,1465,0.101,,,,,217,2300,1,0,0,0,0,0,0,0,0,0
5/4/2020,3662,179,61,4,43539,2616,0.09,,,,,150,2356,1,0,0,0,0,0,0,0,0,0
6/4/2020,3793,131,62,1,47457,3918,0.072,,,,,179,2275,1,0,0,0,0,0,0,0,0,0
7/4/2020,3963,170,63,1,52485,5028,0.059,,,,,131,2339,1,0,0,0,0,0,0,0,0,0
8/4/2020,4119,156,65,2,58240,5755,0.054,,,,,170,2323,1,0,0,0,0,0,0,0,0,0
9/4/2020,4228,109,67,2,63367,5127,0.043,,,,,156,2197,1,0,0,0,0,0,0,0,0,0
10/4/2020,4346,118,70,3,67951,4584,0.036,,,,,109,2185,1,0,0,0,0,0,0,0,0,0
11/4/2020,4530,184,73,3,71897,3946,0.034,,,,,118,2210,1,0,0,0,0,0,0,0,0,0
12/4/2020,4683,153,76,3,77491,5594,0.03,,,,,184,2213,1,0,0,0,0,0,0,0,0,0
13/4/2020,4817,134,77,1,81730,4239,0.03,,,,,153,2191,1,0,0,0,0,0,0,0,0,0
14/4/2020,4987,170,82,5,84791,3061,0.032,,,,,134,2221,1,0,0,0,0,0,0,0,0,0
15/4/2020,5072,85,83,1,87183,2392,0.033,,,,,170,2164,1,0,0,0,0,0,0,0,0,0
16/4/2020,5182,110,84,1,,,0.033,,,,,85,2066,1,0,0,0,0,0,0,0,0,0
17/4/2020,5251,69,86,2,96695,,0.031,,,,,110,1918,1,0,0,0,0,0,0,0,0,0
18/4/2020,5305,54,88,2,100794,4099,0.027,,,,,69,1822,1,0,0,0,0,0,0,0,0,0
19/4/2020,5389,84,89,1,103892,3098,0.027,,,,,54,1727,1,0,0,0,0,0,0,0,0,0
20/4/2020,5425,36,89,0,108216,4324,0.023,,,,,84,1632,1,0,0,0,0,0,0,0,0,0
21/4/2020,5482,57,92,3,,,0.019,,,,,36,1519,1,0,0,0,0,0,0,0,0,0
22/4/2020,5532,50,93,1,113755,,0.017,,,,,57,1413,1,0,0,0,0,0,0,0,0,0
23/4/2020,5603,71,95,2,117406,3651,0.017,,,,,50,1375,1,0,0,0,0,0,0,0,0,0
24/4/2020,5691,88,96,1,121722,4316,0.018,,,,,71,1345,1,0,0,0,0,0,0,0,0,0
25/4/2020,5742,51,98,2,126970,5248,0.017,,,,,88,1212,1,0,0,0,0,0,0,0,0,0
26/4/2020,5780,38,98,0,131491,4521,0.014,,,,,51,1097,1,0,0,0,0,0,0,0,0,0
27/4/2020,5820,40,99,1,138898,7407,0.013,,,,,38,1003,1,0,0,0,0,0,0,0,0,0
28/4/2020,5851,31,100,1,146799,7901,0.01,,,,,40,864,1,0,0,0,0,0,0,0,0,0
29/4/2020,5945,94,100,0,154203,7404,0.01,,,,,31,873,1,0,0,0,0,0,0,0,0,0
30/4/2020,6002,57,102,2,,,0.009,,,,,94,820,1,0,0,0,0,0,0,0,0,0
1/5/2020,6071,69,103,1,168784,,0.008,,,,,57,820,1,0,0,0,0,0,0,0,0,0
2/5/2020,6176,105,103,0,184213,15429,0.008,,,,,69,871,1,0,0,0,0,0,0,1,1,0
3/5/2020,6298,122,105,2,195833,11620,0.008,,,,,105,909,1,0,0,0,0,0,0,0,0,0
4/5/2020,6353,55,105,0,205598,9765,0.008,,,,,122,928,0,1,0,0,0,0,0,0,0,0
5/5/2020,6383,30,106,1,213220,7622,0.008,,,,,55,901,0,1,0,0,0,0,0,0,0,0
6/5/2020,6428,45,107,1,222150,8930,0.007,,,,,30,896,0,1,0,0,0,0,0,0,0,0
7/5/2020,6467,39,107,0,231019,8869,0.007,,,,,45,864,0,1,0,0,0,0,0,1,1,0
8/5/2020,6535,68,107,0,239628,8609,0.007,,,,,39,844,0,1,0,0,0,0,0,0,1,0
9/5/2020,6589,54,108,1,,,0.006,,,,,68,847,0,1,0,0,0,0,0,0,1,0
10/5/2020,6656,67,108,0,256937,,0.006,,,,,54,876,0,1,0,0,0,0,0,1,1,0
11/5/2020,6726,70,109,1,266048,9111,0.006,,,,,67,906,0,1,0,0,0,0,0,1,1,0
12/5/2020,6742,16,109,0,,,0.006,,,,,70,891,0,1,0,0,0,0,0,,,0
13/5/2020,6779,37,111,2,,,0.005,,,,,16,834,0,1,0,0,0,0,0,,,0
14/5/2020,6819,40,112,1,297342,,0.005,,,,,37,817,0,1,0,0,0,0,0,,,0
15/5/2020,6855,36,112,0,424306,126964,0.002,,,,,40,784,0,1,0,0,0,0,0,,,0
16/5/2020,6872,17,113,1,434136,9830,0.002,,,,,36,696,0,1,0,0,0,0,0,,,0
17/5/2020,6894,22,113,0,443263,9127,0.001,,,,,17,596,0,1,0,0,0,0,0,,,0
18/5/2020,6941,47,113,0,,,0.001,,,,,22,588,0,1,0,0,0,0,0,,,0
19/5/2020,6978,37,114,1,462257,,0.001,,,,,47,595,0,1,0,0,0,0,0,,,0
20/5/2020,7009,31,114,0,471318,9061,0.001,,,,,37,581,0,1,0,0,0,0,0,,,0
21/5/2020,7059,50,115,1,481411,10093,0.001,,,,,31,592,0,1,0,0,0,0,0,,1,0
22/5/2020,7137,78,115,0,491729,10318,0.004,,,,,50,602,0,1,0,0,0,0,0,,1,0
23/5/2020,7185,48,115,0,500469,8740,0.005,,,,,78,596,0,1,0,0,0,0,0,,1,0
24/5/2020,7245,60,115,0,507682,7213,0.005,,,,,48,589,0,1,0,0,0,0,0,1,1,0
25/5/2020,7417,172,115,0,513370,5688,0.008,,,,,60,691,0,1,0,0,0,0,0,1,1,0
26/5/2020,7604,187,115,0,519944,6574,0.011,,,,,172,862,0,1,0,0,0,0,0,1,1,0
27/5/2020,7619,15,115,0,,,0.011,,,,,187,840,0,1,0,0,0,0,0,,1,0
28/5/2020,7629,10,115,0,530501,,0.012,,,,,15,810,0,1,0,0,0,0,0,,1,0
29/5/2020,7732,103,115,0,537894,7393,0.013,,,,,10,877,0,1,0,0,0,0,0,,,0
30/5/2020,7762,30,115,0,546368,8474,0.013,,,,,103,890,0,1,0,0,0,0,0,,,0
31/5/2020,7819,57,115,0,553183,6815,0.013,,,,,30,925,0,1,0,0,0,0,0,,,0
1/6/2020,7857,38,115,0,560738,7555,0.009,,,,,57,916,0,1,0,0,0,0,0,,,0
2/6/2020,7877,20,115,0,567287,6549,0.006,,,,,38,899,0,1,0,0,0,0,0,,,0
3/6/2020,7970,93,115,0,575505,8218,0.007,,,,,20,961,0,1,0,0,0,0,0,,,0
4/6/2020,8247,277,115,0,582486,6981,0.012,,,,,93,1188,0,1,0,0,0,0,0,,,0
5/6/2020,8266,19,116,1,590613,8127,0.01,,,,,277,1129,0,1,0,0,0,0,0,,,0
6/6/2020,8303,37,117,1,599454,8841,0.01,,,,,19,1118,0,1,0,0,0,0,0,,,0
7/6/2020,8322,19,117,0,,,0.009,,,,,37,1077,0,1,0,0,0,0,0,,,0
8/6/2020,8329,7,117,0,614239,,0.009,,,,,19,912,0,1,0,0,0,0,0,1,1,0
9/6/2020,8336,7,117,0,620320,6081,0.009,,,,,7,732,0,1,0,0,0,0,0,0,0,0
10/6/2020,8338,2,118,1,625775,5455,0.007,,,,,7,719,0,0,1,0,0,0,0,0,0,0
11/6/2020,8369,31,118,0,631608,5833,0.002,,,,,2,740,0,0,1,0,0,0,0,0,0,0
12/6/2020,8402,33,119,1,640680,9072,0.003,,,,,31,670,0,0,1,0,0,0,0,0,0,0
13/6/2020,8445,43,120,1,646055,5375,0.003,,,,,33,683,0,0,1,0,0,0,0,0,0,0
14/6/2020,8453,8,121,1,651344,5289,0.003,,,,,43,634,0,0,1,0,0,0,0,0,0,0
15/6/2020,8494,41,121,0,656210,4866,0.004,,,,,8,637,0,0,1,0,0,0,0,0,0,0
16/6/2020,8505,11,121,0,659632,3422,0.004,,,,,41,628,0,0,1,0,0,0,0,0,0,0
17/6/2020,8515,10,121,0,664334,4702,0.005,,,,,11,545,0,0,1,0,0,0,0,0,0,0
18/6/2020,8529,14,121,0,669589,5255,0.004,,,,,10,282,0,0,1,0,0,0,0,0,0,0
19/6/2020,8535,6,121,0,674551,4962,0.004,,,,,14,269,0,0,1,0,0,0,0,0,0,0
20/6/2020,8556,21,121,0,679826,5275,0.003,,,,,6,253,0,0,1,0,0,0,0,0,0,0
21/6/2020,8572,16,121,0,683968,4142,0.004,,,,,21,250,0,0,1,0,0,0,0,0,0,0
22/6/2020,8587,15,121,0,686905,2937,0.003,,,,,16,258,0,0,1,0,0,0,0,0,0,0
23/6/2020,8590,3,121,0,693603,6698,0.003,,,,,15,254,0,0,1,0,0,0,0,0,0,0
24/6/2020,8596,6,121,0,704336,10733,0.002,,,,,3,258,0,0,1,0,0,0,0,0,0,0
25/6/2020,8600,4,121,0,716178,11842,0.002,,,,,6,231,0,0,1,0,0,0,0,0,0,0
26/6/2020,8606,6,121,0,729116,12938,0.001,,,,,4,204,0,0,1,0,0,0,0,0,0,0
27/6/2020,8616,10,121,0,739458,10342,0.001,,,,,6,171,0,0,1,0,0,0,0,0,0,0
28/6/2020,8634,18,121,0,749950,10492,0.001,,,,,10,181,0,0,1,0,0,0,0,0,0,0
29/6/2020,8637,3,121,0,756171,6221,0.001,,,,,18,143,0,0,1,0,0,0,0,0,0,0
30/6/2020,8639,2,121,0,764999,8828,0.001,,,,,3,134,0,0,1,0,0,0,0,0,0,0
1/7/2020,8640,1,121,0,773911,8912,0.001,,,,,2,125,0,0,1,0,0,0,0,0,0,0
2/7/2020,8643,3,121,0,782638,8727,0.001,,,,,1,114,0,0,1,0,0,0,0,0,0,0
3/7/2020,8648,5,121,0,790859,8221,0.001,,,,,3,113,0,0,1,0,0,0,0,0,0,0
4/7/2020,8658,10,121,0,797796,6937,0.001,,,,,5,102,0,0,1,0,0,0,0,0,0,0
5/7/2020,8663,5,121,0,804518,6722,0.001,,,,,10,91,0,0,1,0,0,0,0,0,0,0
6/7/2020,8668,5,121,0,810057,5539,0.001,,,,,5,81,0,0,1,0,0,0,0,0,0,0
7/7/2020,8674,6,121,0,816118,6061,0.001,,,,,5,84,0,0,1,0,0,0,0,0,0,0
8/7/2020,8677,3,121,0,822646,6528,0.001,,,,,6,81,0,0,1,0,0,0,0,0,0,0
9/7/2020,8689,12,121,0,829988,7342,0.001,,,,,3,89,0,0,1,0,0,0,0,0,0,0
10/7/2020,8697,8,121,0,836255,6267,0.001,,,,,12,91,0,0,1,0,0,0,0,0,0,0
11/7/2020,8706,9,122,1,842476,6221,0.001,,,,,8,90,0,0,1,0,0,0,0,0,0,0
12/7/2020,8718,12,122,0,847510,5034,0.001,,,,,9,84,0,0,1,0,0,0,0,0,0,0
13/7/2020,8725,7,122,0,850423,2913,0.001,,,,,12,88,0,0,1,0,0,0,0,0,0,0
14/7/2020,8729,4,122,0,855119,4696,0.001,,,,,7,90,0,0,1,0,0,0,0,0,0,0
15/7/2020,8734,5,122,0,861896,6777,0.001,,,,,4,94,0,0,1,0,0,0,0,0,0,0
16/7/2020,8737,3,122,0,868394,6498,0.001,,,,,5,94,0,0,1,0,0,0,0,0,0,0
17/7/2020,8755,18,122,0,876222,7828,0.001,,,,,3,107,0,0,1,0,0,0,0,0,0,0
18/7/2020,8764,9,122,0,884170,7948,0.001,,,,,18,106,0,0,1,0,0,0,0,0,0,0
19/7/2020,8779,15,123,1,889744,5574,0.001,,,,,9,116,0,0,1,0,0,0,0,0,0,0
20/7/2020,8800,21,123,0,895758,6014,0.002,,,,,15,132,0,0,1,0,0,0,0,0,0,0
21/7/2020,8815,15,123,0,902439,6681,0.002,,,,,21,141,0,0,1,0,0,0,0,0,0,0
22/7/2020,8831,16,123,0,909627,7188,0.002,,,,,15,154,0,0,1,0,0,0,0,0,0,0
23/7/2020,8840,9,123,0,916340,6713,0.002,,,,,16,151,0,0,1,0,0,0,0,0,0,0
24/7/2020,8861,21,123,0,925188,8848,0.002,,,,,9,164,0,0,1,0,0,0,0,0,0,0
25/7/2020,8884,23,123,0,932397,7209,0.002,,,,,21,178,0,0,1,0,0,0,0,0,0,0
26/7/2020,8897,13,124,1,937645,5248,0.002,,,,,23,179,0,0,1,0,0,0,0,0,0,0
27/7/2020,8904,7,124,0,943244,5599,0.002,,,,,13,179,0,0,1,0,0,0,0,0,0,0
28/7/2020,8943,39,124,0,949141,5897,0.003,,,,,7,214,0,0,1,0,0,0,0,0,0,0
29/7/2020,8956,13,124,0,955133,5992,0.003,,,,,39,222,0,0,1,0,0,0,0,0,0,0
30/7/2020,8964,8,124,0,963079,7946,0.003,,,,,13,227,0,0,1,0,0,0,0,0,0,0
31/7/2020,8976,12,125,1,970644,7565,0.003,,,,,8,221,0,0,1,0,0,0,0,1,1,0
1/8/2020,8985,9,125,0,974674,4030,0.002,,,,,12,221,0,0,1,0,0,0,0,0,1,0
2/8/2020,8999,14,125,0,979178,4504,0.002,,,,,9,220,0,0,1,0,0,0,0,0,1,0
3/8/2020,9001,2,125,0,983297,4119,0.002,,,,,14,201,0,0,1,0,0,0,0,0,0,0
4/8/2020,9002,1,125,0,991333,8036,0.001,,,,,2,187,0,0,1,0,0,0,0,0,0,0
5/8/2020,9023,21,125,0,1001090,9757,0.001,,,,,1,192,0,0,1,0,0,0,0,0,0,0
6/8/2020,9038,15,125,0,1012660,11570,0.001,,,,,21,198,0,0,1,0,0,0,0,0,0,0
7/8/2020,9063,25,125,0,1024719,12059,0.002,,,,,15,202,0,0,1,0,0,0,0,0,0,0
8/8/2020,9070,7,125,0,1036339,11620,0.001,,,,,25,186,0,0,1,0,0,0,0,0,0,0
9/8/2020,9083,13,125,0,1045976,9637,0.001,,,,,7,186,0,0,1,0,0,0,0,0,0,0
10/8/2020,9094,11,125,0,1053531,7555,0.001,,,,,13,190,0,0,1,0,0,0,0,0,0,0
11/8/2020,9103,9,125,0,1063304,9773,0.001,,,,,11,160,0,0,1,0,0,0,0,0,0,0
12/8/2020,9115,12,125,0,1074020,10716,0.001,,,,,9,159,0,0,1,0,0,0,0,0,0,0
13/8/2020,9130,15,125,0,1085040,11020,0.001,,,,,12,166,0,0,1,0,0,0,0,0,0,0
14/8/2020,9149,19,125,0,1095768,10728,0.001,,,,,15,173,0,0,1,0,0,0,0,0,0,0
15/8/2020,9175,26,125,0,1106217,10449,0.002,,,,,19,190,0,0,1,0,0,0,0,0,0,0
16/8/2020,9200,25,125,0,1114246,8029,0.002,,,,,26,201,0,0,1,0,0,0,0,0,0,0
17/8/2020,9215,15,125,0,1120666,6420,0.002,,,,,25,214,0,0,1,0,0,0,0,0,0,0
18/8/2020,9219,4,125,0,1129091,8425,0.002,,,,,15,217,0,0,1,0,0,0,0,0,0,0
19/8/2020,9235,16,125,0,1141679,12588,0.002,,,,,4,212,0,0,1,0,0,0,0,0,0,0
20/8/2020,9240,5,125,0,1152140,10461,0.002,,,,,16,202,0,0,1,0,0,0,0,1,1,0
21/8/2020,9249,9,125,0,1160390,8250,0.002,,,,,5,186,0,0,1,0,0,0,0,0,0,0
22/8/2020,9257,8,125,0,1167949,7559,0.001,,,,,9,187,0,0,1,0,0,0,0,0,0,0
23/8/2020,9267,10,125,0,1176416,8467,0.001,,,,,8,184,0,0,1,0,0,0,0,0,0,0
24/8/2020,9274,7,125,0,1182845,6429,0.001,,,,,10,180,0,0,1,0,0,0,0,0,0,0
25/8/2020,9285,11,125,0,1191500,8655,0.001,,,,,7,182,0,0,1,0,0,0,0,0,0,0
26/8/2020,9291,6,125,0,1202764,11264,0.001,,,,,11,176,0,0,1,0,0,0,0,0,0,0
27/8/2020,9296,5,125,0,1212790,10026,0.001,,,,,6,166,0,0,1,0,0,0,0,0,0,0
28/8/2020,9306,10,125,0,1222854,10064,0.001,,,,,5,157,0,0,1,0,0,0,0,0,0,0
29/8/2020,9317,11,126,1,1232927,10073,0.001,,,,,10,142,0,0,1,0,0,0,0,0,1,0
30/8/2020,9334,17,127,1,1243540,10613,0.001,,,,,11,134,0,0,1,0,0,0,0,0,1,0
31/8/2020,9340,6,127,0,1253855,10315,0.001,,,,,17,125,0,0,1,0,0,0,0,1,1,0
1/9/2020,9354,14,128,1,1262848,8993,0.001,,,,,6,135,0,0,1,0,0,0,0,0,0,0
2/9/2020,9360,6,128,0,1270229,7381,0.001,,,,,14,125,0,0,1,0,0,0,0,0,0,0
3/9/2020,9374,14,128,0,1280878,10649,0.001,,,,,6,134,0,0,1,0,0,0,0,0,0,0
4/9/2020,9385,11,128,0,1290602,9724,0.001,,,,,14,136,0,0,1,0,0,0,0,0,0,0
5/9/2020,9391,6,128,0,1299724,9122,0.001,,,,,11,134,0,0,1,0,0,0,0,0,0,0
6/9/2020,9397,6,128,0,1307454,7730,0.001,,,,,6,130,0,0,1,0,0,0,0,0,0,0
7/9/2020,9459,62,128,0,1313774,6320,0.002,,,,,6,185,0,0,1,0,0,0,0,0,0,0
8/9/2020,9559,100,128,0,1322445,8671,0.003,,,,,62,274,0,0,1,0,0,0,0,0,0,0
9/9/2020,9583,24,128,0,1332917,10472,0.004,,,,,100,292,0,0,1,0,0,0,0,0,0,0
10/9/2020,9628,45,128,0,1342472,9555,0.004,,,,,24,332,0,0,1,0,0,0,0,0,0,0
11/9/2020,9810,182,128,0,1353826,11354,0.007,,,,,45,504,0,0,1,0,0,0,0,0,0,0
12/9/2020,9868,58,128,0,1362631,8805,0.008,,,,,182,551,0,0,1,0,0,0,0,0,0,0
13/9/2020,9915,47,128,0,1372154,9523,0.008,,,,,58,581,0,0,1,0,0,0,0,0,0,0
14/9/2020,9946,31,128,0,1383769,11615,0.007,,,,,47,606,0,0,1,0,0,0,0,0,0,0
15/9/2020,9969,23,128,0,1395578,11809,0.006,,,,,31,615,0,0,1,0,0,0,0,0,0,0
16/9/2020,10031,62,128,0,1407259,11681,0.006,,,,,23,671,0,0,1,0,0,0,0,1,1,0
17/9/2020,10052,21,128,0,1417154,9895,0.006,,,,,62,678,0,0,1,0,0,0,0,0,0,0
18/9/2020,10147,95,129,1,1427133,9979,0.005,,,,,21,762,0,0,1,0,0,0,0,0,0,0
19/9/2020,10167,20,130,1,1437354,10221,0.004,,,,,95,776,0,0,1,0,0,0,0,0,0,0
20/9/2020,10219,52,130,0,1444686,7332,0.004,,,,,20,822,0,0,1,0,0,0,0,0,0,0
21/9/2020,10276,57,130,0,1451697,7011,0.005,,,,,52,817,0,0,1,0,0,0,0,0,0,0
22/9/2020,10358,82,130,0,1463557,11860,0.006,,,,,57,799,0,0,1,0,0,0,0,0,0,0
23/9/2020,10505,147,133,3,,,0.007,,,,,82,922,0,0,1,0,0,0,0,0,0,0
24/9/2020,10576,71,133,0,1484812,,0.008,,,,,147,948,0,0,1,0,0,0,0,0,1,0
25/9/2020,10687,111,133,0,1493645,8833,0.008,,,,,71,877,0,0,1,0,0,0,0,0,1,0
26/9/2020,10769,82,133,0,1502110,8465,0.009,,,,,111,901,0,0,1,0,0,0,0,0,1,1
27/9/2020,10919,150,134,1,1510390,8280,0.011,,,,,82,1004,0,0,1,0,0,0,0,0,1,0
28/9/2020,11034,115,134,0,1519220,8830,0.011,,,,,150,1088,0,0,1,0,0,0,0,0,1,0
29/9/2020,11135,101,134,0,1533061,13841,0.011,,,,,115,1166,0,0,1,0,0,0,0,0,0,0
30/9/2020,11224,89,136,2,1549750,16689,0.01,,,,,101,1193,0,0,1,0,0,0,0,0,0,0
1/10/2020,11484,260,136,0,1566848,17098,0.011,,,,,89,1432,0,0,1,0,0,0,0,0,0,0
2/10/2020,11771,287,136,0,1581208,14360,0.012,,,,,260,1624,0,0,1,0,0,0,0,0,0,0
3/10/2020,12088,317,138,2,1598002,16794,0.014,,,,,287,1921,0,0,1,0,0,0,0,0,0,0
4/10/2020,12381,293,138,0,1615041,17039,0.014,,,,,317,2162,0,0,1,0,0,0,0,0,0,0
5/10/2020,12813,432,138,0,1627612,12571,0.016,,,,,293,2537,0,0,1,0,0,0,0,0,0,0
6/10/2020,13504,691,142,4,1643651,16039,0.021,,,,,432,3146,0,0,1,0,0,0,0,0,0,0
7/10/2020,13993,489,145,3,1663796,20145,0.024,,,,,691,3488,0,0,1,0,0,0,0,0,0,0
8/10/2020,14368,375,148,3,1681809,18013,0.025,,,,,489,3792,0,0,1,0,0,0,0,0,0,0
9/10/2020,14722,354,152,4,1703942,22133,0.024,,,,,375,4035,0,0,1,0,0,0,0,0,0,0
10/10/2020,15096,374,155,3,1722837,18895,0.024,,,,,354,4327,0,0,1,0,0,0,0,0,0,0
11/10/2020,15657,561,157,2,1738868,16031,0.026,,,,,374,4738,0,0,1,0,0,0,0,0,0,0
12/10/2020,16220,563,159,2,1753991,15123,0.027,,,,,561,5186,0,0,1,0,0,0,0,0,0,0
13/10/2020,16880,660,163,4,1768210,14219,0.027,,,,,563,5745,0,0,1,0,0,0,0,0,0,0
14/10/2020,17540,660,167,4,1786829,18619,0.029,,,,,660,6316,0,0,1,0,0,0,0,0,0,0
15/10/2020,18129,589,170,3,1810777,23948,0.029,,,,,660,6645,0,0,1,0,0,0,0,0,0,0
16/10/2020,18758,629,176,6,1839700,28923,0.03,,,,,589,6987,0,0,1,0,0,0,0,0,0,0
17/10/2020,19627,869,180,4,1863037,23337,0.032,,,,,629,7539,0,0,1,0,0,0,0,0,0,0
18/10/2020,20498,871,187,7,1885847,22810,0.033,,,,,869,8117,0,0,1,0,0,0,0,0,0,0
19/10/2020,21363,865,190,3,1903515,17668,0.034,,,,,871,8550,0,0,1,0,0,0,0,0,0,0
20/10/2020,22225,862,193,3,1921435,17920,0.035,,,,,865,8721,0,0,1,0,0,0,0,0,0,0
21/10/2020,22957,732,199,6,1940261,18826,0.035,,,,,862,8964,0,0,1,0,0,0,0,0,0,0
22/10/2020,23804,847,204,5,1956010,15749,0.039,,,,,732,9436,0,0,1,0,0,0,0,0,0,0
23/10/2020,24514,710,214,10,1973780,17770,0.043,,,,,847,9792,0,0,1,0,0,0,0,0,0,0
24/10/2020,25742,1228,221,7,1989231,15451,0.048,,,,,710,10646,0,0,1,0,0,0,0,0,0,0
25/10/2020,26565,823,229,8,2006716,17485,0.05,,,,,1228,10908,0,0,1,0,0,0,0,0,0,0
26/10/2020,27805,1240,236,7,2025727,19011,0.053,,,,,823,11585,0,0,1,0,0,0,0,0,0,0
27/10/2020,28640,835,238,2,2044398,18671,0.052,,,,,1240,11760,0,0,1,0,0,0,0,0,0,0
28/10/2020,29441,801,246,8,2064016,19618,0.052,,,,,835,11901,0,0,1,0,0,0,0,0,0,0
29/10/2020,30090,649,246,0,2083700,19684,0.049,,,,,801,11961,0,0,1,0,0,0,0,1,1,0
30/10/2020,30889,799,249,3,2101890,18190,0.05,,,,,649,12131,0,0,1,0,0,0,0,0,0,0
31/10/2020,31548,659,249,0,2118966,17076,0.045,,,,,799,11921,0,0,1,0,0,0,0,0,0,0
1/11/2020,32505,957,249,0,2137657,18691,0.045,,,,,659,12007,0,0,1,0,0,0,0,0,0,0
2/11/2020,33339,834,251,2,2156958,19301,0.042,,,,,957,11976,0,0,1,0,0,0,0,0,0,0
3/11/2020,34393,1054,263,12,2176725,19767,0.043,,,,,834,12168,0,0,1,0,0,0,0,0,0,0
4/11/2020,35425,1032,271,8,2198172,21447,0.045,,,,,1054,12468,0,0,1,0,0,0,0,0,0,0
5/11/2020,36434,1009,277,6,2215701,17529,0.048,,,,,1032,12630,0,0,1,0,0,0,0,0,0,0
6/11/2020,38189,1755,279,2,2238559,22858,0.053,,,,,1009,13675,0,0,1,0,0,0,0,0,0,0
7/11/2020,39357,1168,282,3,2258128,19569,0.056,,,,,1755,13615,0,0,1,0,0,0,0,0,0,0
8/11/2020,40209,852,286,4,2275234,17106,0.056,,,,,1168,13644,0,0,1,0,0,0,0,0,0,0
9/11/2020,41181,972,294,8,2291344,16110,0.058,,,,,852,13376,0,0,1,0,0,0,0,0,0,0
10/11/2020,42050,869,300,6,2309836,18492,0.058,,,,,972,13410,0,0,1,0,0,0,0,0,0,0
11/11/2020,42872,822,302,2,2329033,19197,0.057,,,,,869,13431,0,0,1,0,0,0,0,0,0,0
12/11/2020,43791,919,303,1,2349211,20178,0.055,,,,,822,13701,0,0,1,0,0,0,0,0,1,0
13/11/2020,45095,1304,304,1,2366985,17774,0.054,,,,,919,14206,0,0,1,0,0,0,0,0,1,0
14/11/2020,46209,1114,306,2,2385504,18519,0.054,,,,,1304,14661,0,0,1,0,0,0,0,1,1,0
15/11/2020,47417,1208,309,3,2401043,15539,0.057,,,,,1114,14912,0,0,1,0,0,0,0,0,1,0
16/11/2020,48520,1103,313,4,2416710,15667,0.059,,,,,1208,15181,0,0,1,0,0,0,0,0,1,0
17/11/2020,49730,1210,318,5,2433079,16369,0.062,,,,,1103,15337,0,0,1,0,0,0,0,0,1,0
18/11/2020,50390,660,322,4,2451545,18466,0.061,,,,,1210,14965,0,0,1,0,0,0,0,0,0,0
19/11/2020,51680,1290,326,4,2472687,21142,0.064,,,,,660,15246,0,0,1,0,0,0,0,0,0,0
20/11/2020,52638,958,329,3,2492807,20120,0.06,,,,,1290,14449,0,0,1,0,0,0,0,0,0,0
21/11/2020,53679,1041,332,3,2510332,17525,0.06,,,,,958,14322,0,0,1,0,0,0,0,0,0,0
22/11/2020,54775,1096,335,3,2528158,17826,0.058,,,,,1041,14566,0,0,1,0,0,0,0,0,0,0
23/11/2020,56659,1884,337,2,2543655,15497,0.064,,,,,1096,15478,0,0,1,0,0,0,0,0,0,0
24/11/2020,58847,2188,341,4,2559417,15762,0.072,,,,,1884,16797,0,0,1,0,0,0,0,0,0,0
25/11/2020,59817,970,345,4,2577387,17970,0.075,,,,,2188,16945,0,0,1,0,0,0,0,0,0,0
26/11/2020,60752,935,348,3,2596004,18617,0.074,,,,,970,16961,0,0,1,0,0,0,0,0,0,0
27/11/2020,61861,1109,350,2,2615087,19083,0.075,,,,,935,16766,0,0,1,0,0,0,0,0,0,0
28/11/2020,63176,1315,354,4,2634998,19911,0.076,,,,,1109,16967,0,0,1,0,0,0,0,0,0,0
29/11/2020,64485,1309,357,3,2650368,15370,0.079,,,,,1315,17068,0,0,1,0,0,0,0,0,0,0
30/11/2020,65697,1212,360,3,2667756,17388,0.073,,,,,1309,17177,0,0,1,0,0,0,0,0,0,0
1/12/2020,67169,1472,363,3,2686452,18696,0.066,,,,,1212,17439,0,0,1,0,0,0,0,0,0,0
2/12/2020,68020,851,365,2,2707207,20755,0.063,,,,,1472,17630,0,0,1,0,0,0,0,0,0,0
3/12/2020,69095,1075,376,11,2728936,21729,0.063,,,,,851,17415,0,0,1,0,0,0,0,0,0,0
4/12/2020,70236,1141,376,0,2748881,19945,0.063,,,,,1075,17598,0,0,1,0,0,0,0,0,0,0
5/12/2020,71359,1123,380,4,2769720,20839,0.061,,,,,1141,17680,0,0,1,0,0,0,0,0,0,0
6/12/2020,72694,1335,382,2,2787102,17382,0.06,,,,,1123,17919,0,0,1,0,0,0,0,0,0,0
7/12/2020,74294,1600,384,2,2806767,19665,0.062,,,,,1335,17635,0,0,1,0,0,0,0,0,0,0
8/12/2020,75306,1012,388,4,2827083,20316,0.058,,,,,1600,16459,0,0,1,0,0,0,0,0,0,0
9/12/2020,76265,959,393,5,2851220,24137,0.057,,,,,1012,16448,0,0,1,0,0,0,0,0,0,0
10/12/2020,78499,2234,396,3,2871261,20041,0.066,,,,,959,17747,0,0,1,0,0,0,0,0,0,0
11/12/2020,80309,1810,402,6,2896938,25677,0.068,,,,,2234,18448,0,0,1,0,0,0,0,0,0,0
12/12/2020,82246,1937,411,9,2918977,22039,0.073,,,,,1810,19070,0,0,1,0,0,0,0,0,0,0
13/12/2020,83475,1229,415,4,2940782,21805,0.07,,,,,1937,18990,0,0,1,0,0,0,0,0,0,0
14/12/2020,84846,1371,419,4,2960653,19871,0.069,,,,,1229,19149,0,0,0,1,0,0,0,0,0,0
15/12/2020,86618,1772,422,3,2985115,24462,0.072,,,,,1371,19449,0,0,0,1,0,0,0,0,0,0
16/12/2020,87913,1295,429,7,3009421,24306,0.074,,,,,1772,19893,0,0,0,1,0,0,0,0,0,0
17/12/2020,89133,1220,432,3,3034464,25043,0.065,,,,,1295,20038,0,0,0,1,0,0,0,0,0,0
18/12/2020,90816,1683,432,0,3057899,23435,0.065,,,,,1220,20580,0,0,0,1,0,0,0,0,0,0
19/12/2020,91969,1153,433,1,3082729,24830,0.059,,,,,1683,20610,0,0,0,1,0,0,0,0,0,0
20/12/2020,93309,1340,437,4,3101878,19149,0.061,,,,,1153,20615,0,0,0,1,0,0,0,0,0,0
21/12/2020,95327,2018,438,1,3122277,20399,0.065,,,,,1340,21033,0,0,0,1,0,0,0,0,0,0
22/12/2020,97389,2062,439,1,3144658,22381,0.068,,,,,2018,22083,0,0,0,1,0,0,0,0,0,0
23/12/2020,98737,1348,444,5,3170140,25482,0.067,,,,,2062,22472,0,0,0,1,0,0,0,0,0,0
24/12/2020,100318,1581,446,2,3196019,25879,0.069,,,,,1348,21819,0,0,0,1,0,0,0,0,0,0
25/12/2020,101565,1247,449,3,3223216,27197,0.065,,,,,1581,21256,0,0,0,1,0,0,0,1,1,0
26/12/2020,103900,2335,451,2,3239706,16490,0.076,,,,,1247,21654,0,0,0,1,0,0,0,0,1,0
27/12/2020,105096,1196,452,1,3257503,17797,0.076,,,,,2335,21621,0,0,0,1,0,0,0,0,1,0
28/12/2020,106692,1596,455,3,3271880,14377,0.076,,,,,1196,21846,0,0,0,1,0,0,0,0,1,0
29/12/2020,108615,1923,457,2,3291834,19954,0.076,,,,,1596,21997,0,0,0,1,0,0,0,0,1,0
30/12/2020,110485,1870,463,6,3317646,25812,0.08,,,,,1923,22572,0,0,0,1,0,0,0,0,1,0
31/12/2020,113010,2525,471,8,3344327,26681,0.086,,,,,1870,23877,0,0,0,1,0,0,0,0,1,0
1/1/2021,115078,2068,474,3,3371509,27182,0.091,,,,,2525,24262,0,0,0,1,0,0,0,1,1,0
2/1/2021,117373,2295,483,9,3390804,19295,0.089,,,,,2068,25404,0,0,0,1,0,0,0,0,1,0
3/1/2021,119077,1704,494,11,3414380,23576,0.089,,,,,2295,25768,0,0,0,1,0,0,0,0,1,0
4/1/2021,120818,1741,501,7,3435694,21314,0.086,,,,,1704,25491,0,0,0,1,0,0,0,0,1,0
5/1/2021,122845,2027,509,8,3462628,26934,0.083,,,,,1741,25456,0,0,0,1,0,0,0,0,0,0
6/1/2021,125438,2593,513,4,3492902,30274,0.085,,,,,2027,26701,0,0,0,1,0,0,0,0,0,0
7/1/2021,128848,3410,521,8,3524996,32094,0.088,,,,,2593,28530,0,0,0,1,0,0,0,0,0,0
8/1/2021,131108,2260,537,16,3560092,35096,0.085,,,,,3410,29543,0,0,0,1,0,0,0,0,0,0
9/1/2021,133559,2451,542,5,3592352,32260,0.08,,,,,2260,29659,0,0,0,1,0,0,0,0,0,0
10/1/2021,135992,2433,551,9,3626785,34433,0.08,,,,,2451,30896,0,0,0,1,0,0,0,0,0,0
11/1/2021,138224,2232,555,4,3657481,30696,0.078,,,,,2433,31532,0,0,0,1,0,0,0,0,0,0
12/1/2021,141533,3309,559,4,3690390,32909,0.082,,,,,2232,32918,0,0,0,1,0,0,0,0,0,0
13/1/2021,144518,2985,563,4,3735103,44713,0.079,,,,,3309,34033,0,0,0,1,0,0,0,0,0,0
14/1/2021,147855,3337,578,15,3797952,62849,0.07,,,,,2985,34845,0,0,0,1,0,0,0,0,0,0
15/1/2021,151066,3211,586,8,3865363,67411,0.065,,,,,3337,35988,0,0,0,1,0,0,0,0,0,0
16/1/2021,155095,4029,594,8,3928774,63411,0.064,,,,,3211,37722,0,0,0,1,0,0,0,0,0,0
17/1/2021,158434,3339,601,7,3990953,62179,0.062,,,,,4029,39357,0,0,0,1,0,0,0,0,0,0
18/1/2021,161740,3306,605,4,4050684,59731,0.06,,,,,3339,40922,0,0,0,1,0,0,0,0,0,0
19/1/2021,165371,3631,619,14,4107472,56788,0.057,,,,,3306,42526,0,0,0,1,0,0,0,0,0,0
20/1/2021,169379,4008,630,11,4165117,57645,0.058,,,,,3631,43941,0,0,0,1,0,0,0,0,0,0
21/1/2021,172549,3170,642,12,4236922,71805,0.056,,,,,4008,43701,0,0,0,1,0,0,0,0,0,0
22/1/2021,176180,3631,660,18,4307729,70807,0.057,,,,,3170,45072,0,0,0,1,0,0,0,0,0,0
23/1/2021,180455,4275,667,7,4369262,61533,0.058,,,,,3631,46896,0,0,0,1,0,0,0,0,0,0
24/1/2021,183801,3346,678,11,4431316,62054,0.058,,,,,4275,47809,0,0,0,1,0,0,0,0,0,0
25/1/2021,186849,3048,689,11,4480665,49349,0.058,,,,,3346,48625,0,0,0,1,0,0,0,0,0,0
26/1/2021,190434,3585,700,11,4534448,53783,0.059,,,,,3048,48901,0,0,0,1,0,0,0,0,0,0
27/1/2021,194114,3680,707,7,4607225,72777,0.056,,,,,3585,49596,0,0,0,1,0,0,0,0,0,0
28/1/2021,198208,4094,717,10,4666138,58913,0.06,,,,,3680,50353,0,0,0,1,0,0,0,1,1,0
29/1/2021,203933,5725,733,16,4723335,57197,0.067,,,,,4094,52867,0,0,0,1,0,0,0,0,1,0
30/1/2021,209661,5728,746,13,4777532,54197,0.072,,,,,5725,54566,0,0,0,1,0,0,0,0,1,0
31/1/2021,214959,5298,760,14,4830428,52896,0.078,,,,,5728,56525,0,0,0,1,0,0,0,0,1,0
1/2/2021,219173,4214,770,10,4870589,40161,0.083,,,,,5298,57433,0,0,0,1,0,0,0,0,0,0
2/2/2021,222628,3455,791,21,4910286,39697,0.086,,,,,4214,57257,0,0,0,1,0,0,0,0,0,0
3/2/2021,226912,4284,809,18,4977550,67264,0.089,,,,,3455,57533,0,0,0,1,0,0,0,0,0,0
4/2/2021,231483,4571,826,17,5038302,60752,0.089,,,,,4284,58934,0,0,0,1,0,0,0,0,0,0
5/2/2021,234874,3391,845,19,5100783,62481,0.082,,,,,4571,58694,0,0,0,1,0,0,0,0,0,0
6/2/2021,238721,3847,857,12,5159982,59199,0.076,,,,,3391,58266,0,0,0,1,0,0,0,0,0,0
7/2/2021,242452,3731,872,15,5215862,55880,0.071,,,,,3847,58651,0,0,0,1,0,0,0,0,0,0
8/2/2021,245552,3100,896,24,5248398,32536,0.07,,,,,3731,58703,0,0,0,1,0,0,0,0,0,0
9/2/2021,248316,2764,909,13,5297561,49163,0.066,,,,,3100,57882,0,0,0,1,0,0,0,0,0,0
10/2/2021,251604,3288,923,14,5359044,61483,0.065,,,,,2764,57490,0,0,0,1,0,0,0,0,0,0
11/2/2021,254988,3384,936,13,5420256,61212,0.062,,,,,3288,56780,0,0,0,1,0,0,0,0,1,0
12/2/2021,258306,3318,953,17,5474691,54435,0.063,,,,,3384,54373,0,0,0,1,0,0,0,1,1,0
13/2/2021,261805,3499,958,5,5503992,29301,0.067,,,,,3318,52144,0,0,0,1,0,0,0,1,1,0
14/2/2021,264269,2464,965,7,5528267,24275,0.07,,,,,3499,49310,0,0,0,1,0,0,0,0,1,0
15/2/2021,266445,2176,975,10,5552058,23791,0.069,,,,,2464,47272,0,0,0,1,0,0,0,0,1,0
16/2/2021,269165,2720,983,8,5594799,42741,0.07,,,,,2176,46537,0,0,0,1,0,0,0,0,0,0
17/2/2021,272163,2998,1005,22,5647392,52593,0.071,,,,,2720,45251,0,0,0,1,0,0,0,0,0,0
18/2/2021,274875,2712,1030,25,5704086,56694,0.07,,,,,2998,43392,0,0,0,1,0,0,0,0,0,0
19/2/2021,277811,2936,1043,13,5765706,61620,0.067,,,,,2712,42937,0,0,0,1,0,0,0,0,0,0
20/2/2021,280272,2461,1051,8,5821709,56003,0.058,,,,,2936,41551,0,0,0,1,0,0,0,0,0,0
21/2/2021,283569,3297,1056,5,5871207,49498,0.056,,,,,2461,41117,0,0,0,1,0,0,0,0,0,0
22/2/2021,285761,2192,1062,6,5909779,38572,0.054,,,,,3297,40209,0,0,0,1,0,0,0,0,0,0
23/2/2021,288229,2468,1076,14,5960219,50440,0.052,,,,,2192,39913,0,0,0,1,0,0,0,0,0,0
24/2/2021,291774,3545,1088,12,6025214,64995,0.052,60,60,,,2468,40170,0,0,0,1,0,0,0,0,0,0
25/2/2021,293698,1924,1100,12,6086310,61096,0.049,1205,1205,,1145,3545,38710,0,0,0,1,0,0,0,0,0,0
26/2/2021,295951,2253,1111,11,6138208,51898,0.049,5286,5286,,4081,1924,37645,0,0,0,1,0,0,0,0,0,0
27/2/2021,298315,2364,1121,10,6193688,55480,0.049,11993,11993,,6707,2253,36510,0,0,0,1,0,0,0,0,0,0
28/2/2021,300752,2437,1130,9,6234519,40831,0.047,18685,18682,3,6692,2364,36483,0,0,0,1,0,0,0,0,0,0
1/3/2021,302580,1828,1135,5,6274787,40268,0.046,34051,34044,7,15366,2437,36135,0,0,0,1,0,0,0,0,0,0
2/3/2021,304135,1555,1141,6,6321134,46347,0.044,55699,55689,10,21648,1828,34970,0,0,0,1,0,0,0,0,0,0
3/3/2021,305880,1745,1148,7,6367061,45927,0.041,78352,78337,15,22653,1555,33717,0,0,0,1,0,0,0,0,0,0
4/3/2021,307943,2063,1153,5,6407625,40564,0.044,97887,97861,26,19535,1745,33068,0,1,0,0,0,0,0,0,0,0
5/3/2021,310097,2154,1159,6,6455194,47569,0.045,112163,112133,30,14276,2063,32286,0,1,0,0,0,0,0,0,0,0
6/3/2021,311777,1680,1166,7,6494591,39397,0.045,127767,127736,31,15604,2154,31505,0,1,0,0,0,0,0,0,0,0
7/3/2021,313460,1683,1169,3,6532613,38022,0.043,140123,140090,33,12356,1680,29891,0,1,0,0,0,0,0,0,0,0
8/3/2021,314989,1529,1177,8,6559840,27227,0.044,166930,166894,36,26807,1683,29228,0,1,0,0,0,0,0,0,0,0
9/3/2021,316269,1280,1186,9,6597363,37523,0.044,196731,196694,37,29801,1529,28040,0,1,0,0,0,0,0,0,0,0
10/3/2021,317717,1448,1191,5,6642173,44810,0.043,225269,225231,38,28538,1280,25943,0,1,0,0,0,0,0,0,0,0
11/3/2021,319364,1647,1200,9,6696247,54074,0.04,251616,251578,38,26347,1448,25666,0,1,0,0,0,0,0,0,0,0
12/3/2021,320939,1575,1203,3,6747513,51266,0.037,277527,277488,39,25911,1647,24988,0,1,0,0,0,0,0,0,0,0
13/3/2021,322409,1470,1206,3,6797906,50393,0.035,294189,294150,39,16662,1575,24094,0,1,0,0,0,0,0,0,0,0
14/3/2021,323763,1354,1210,4,6838276,40370,0.034,304037,303998,39,9848,1470,23011,0,1,0,0,0,0,0,0,0,0
15/3/2021,324971,1208,1213,3,6870587,32311,0.032,324266,324226,40,20229,1354,22391,0,1,0,0,0,0,0,0,0,0
16/3/2021,326034,1063,1218,5,6917547,46960,0.03,349719,349675,44,25453,1208,21899,0,1,0,0,0,0,0,0,0,0
17/3/2021,327253,1219,1220,2,6971371,53824,0.029,370558,370454,104,20839,1063,21373,0,1,0,0,0,0,0,0,0,0
18/3/2021,328466,1213,1223,3,7029970,58599,0.027,388650,387753,897,18092,1219,20523,0,1,0,0,0,0,0,0,0,0
19/3/2021,330042,1576,1225,2,7085391,55421,0.027,403129,398478,4651,14479,1213,19945,0,1,0,0,0,0,0,0,0,0
20/3/2021,331713,1671,1229,4,7137059,51668,0.027,416881,406193,10688,13752,1576,19936,0,1,0,0,0,0,0,0,0,0
21/3/2021,333040,1327,1233,4,7184509,47450,0.027,432356,415894,16462,15475,1671,19580,0,1,0,0,0,0,0,0,0,0
22/3/2021,334156,1116,1238,5,7219163,34654,0.026,456585,425608,30977,24229,1327,19167,0,1,0,0,0,0,0,0,0,0
23/3/2021,335540,1384,1244,6,7264738,45575,0.027,485697,433915,51782,29112,1116,19271,0,1,0,0,0,0,0,0,0,0
24/3/2021,336808,1268,1246,2,7316059,51321,0.028,514719,440214,74505,29022,1384,19091,0,1,0,0,0,0,0,0,0,0
25/3/2021,338168,1360,1248,2,7372592,56533,0.028,540445,446646,93799,25726,1268,18804,0,1,0,0,0,0,0,0,0,0
26/3/2021,339443,1275,1249,1,7427876,55284,0.027,557072,450577,106495,16627,1360,18504,0,1,0,0,0,0,0,0,0,0
27/3/2021,340642,1199,1251,2,7478436,50560,0.026,572867,452277,120590,15795,1275,18233,0,1,0,0,0,0,0,0,0,0
28/3/2021,341944,1302,1255,4,7521383,42947,0.026,589182,455927,133255,16315,1199,18181,0,1,0,0,0,0,0,0,0,0
29/3/2021,342885,941,1260,5,7555722,34339,0.026,623676,463604,160072,34494,1302,17914,0,1,0,0,0,0,0,0,0,0
30/3/2021,344018,1133,1265,5,7603121,47399,0.025,664224,475012,189212,40548,941,17984,0,1,0,0,0,0,0,0,0,0
31/3/2021,345500,1482,1272,7,7655913,52792,0.026,701173,484829,216344,36949,1133,18247,0,1,0,0,0,0,0,0,0,0
1/4/2021,346678,1178,1278,6,7711350,55437,0.025,743419,500607,242812,42246,1482,18212,0,1,0,0,0,0,0,0,0,0
2/4/2021,347972,1294,1283,5,7764537,53187,0.025,773855,508203,265652,30436,1178,17930,0,1,0,0,0,0,0,0,0,0
3/4/2021,349610,1638,1286,3,7814774,50237,0.027,790998,510902,280096,17143,1294,17897,0,1,0,0,0,0,0,0,0,0
4/4/2021,350959,1349,1288,2,7860010,45236,0.027,805689,516893,288796,14691,1638,17919,0,1,0,0,0,0,0,0,0,0
5/4/2021,352029,1070,1295,7,7894522,34512,0.027,834234,526096,308138,28545,1349,17873,0,1,0,0,0,0,0,0,0,0
6/4/2021,353329,1300,1300,5,7941361,46839,0.028,866875,537076,329799,32641,1070,17789,0,1,0,0,0,0,0,0,0,0
7/4/2021,354468,1139,1304,4,7992575,51214,0.027,897498,549653,347845,30623,1300,17660,0,1,0,0,0,0,0,0,0,0
8/4/2021,355753,1285,1308,4,8050587,58012,0.027,924211,561651,362560,26713,1139,17585,0,1,0,0,0,0,0,0,0,0
9/4/2021,357607,1854,1313,5,8104421,53834,0.028,945709,568841,376868,21498,1285,18164,0,1,0,0,0,0,0,0,0,0
10/4/2021,359117,1510,1321,8,8157933,53512,0.028,961241,574378,386863,15532,1854,18475,0,1,0,0,0,0,0,0,0,0
11/4/2021,360856,1739,1329,8,8204996,47063,0.029,984351,586837,397514,23110,1510,18912,0,1,0,0,0,0,0,0,0,0
12/4/2021,362173,1317,1333,4,8240262,35266,0.029,1023517,612100,411417,39166,1739,19288,0,1,0,0,0,0,0,0,0,0
13/4/2021,363940,1767,1345,12,8292260,51998,0.03,1047266,628168,419098,23749,1317,19922,0,1,0,0,0,0,0,0,1,0
14/4/2021,365829,1889,1353,8,8345401,53141,0.032,1075865,649076,426789,28599,1767,20329,0,1,0,0,0,0,0,0,1,0
15/4/2021,367977,2148,1363,10,8407970,62569,0.034,1103097,667161,435936,27232,1889,21299,0,1,0,0,0,0,0,0,1,0
16/4/2021,370528,2551,1365,2,8472685,64715,0.035,1122624,682765,439859,19527,2148,22556,0,1,0,0,0,0,0,0,1,0
17/4/2021,372859,2331,1370,5,8540200,67515,0.036,1132248,691322,440926,9624,2551,23249,0,1,0,0,0,0,0,0,1,0
18/4/2021,375054,2195,1378,8,8601726,61526,0.036,1142076,697406,444670,9828,2331,24095,0,1,0,0,0,0,0,0,1,0
19/4/2021,377132,2078,1386,8,8665139,63413,0.035,1174977,722064,452913,32901,2195,25103,0,1,0,0,0,0,0,0,1,0
20/4/2021,379473,2341,1389,3,8718106,52967,0.036,1208143,744119,464024,33166,2078,26144,0,1,0,0,0,0,0,0,1,0
21/4/2021,381813,2340,1400,11,8783027,64921,0.037,1235640,759925,475715,27497,2341,27345,0,1,0,0,0,0,0,0,1,0
22/4/2021,384688,2875,1407,7,8849606,66579,0.038,1265013,774269,490744,29373,2340,28935,0,1,0,0,0,0,0,0,1,0
23/4/2021,387535,2847,1415,8,8923973,74367,0.038,1283860,786463,497397,18847,2875,29928,0,1,0,0,0,0,0,0,1,0
24/4/2021,390252,2717,1426,11,9001532,77559,0.038,1295269,794401,500868,11409,2847,31135,0,1,0,0,0,0,0,0,1,0
25/4/2021,392942,2690,1436,10,9066170,64638,0.039,1310030,803493,506537,14761,2717,32086,0,1,0,0,0,0,0,0,1,0
26/4/2021,395718,2776,1449,13,9121319,55149,0.041,1340214,824783,515431,30184,2690,33545,0,1,0,0,0,0,0,0,1,0
27/4/2021,398451,2733,1462,13,9182353,61034,0.041,1374807,847563,527244,34593,2776,34511,0,1,0,0,0,0,0,0,1,0
28/4/2021,401593,3142,1477,15,9255511,73158,0.042,1414361,873961,540400,39554,2733,35764,0,1,0,0,0,0,0,0,1,0
29/4/2021,404925,3332,1492,15,9333787,78276,0.042,1426832,880405,546427,12471,3142,36948,0,1,0,0,0,0,0,1,1,0
30/4/2021,408713,3788,1506,14,9404236,70449,0.044,1453361,898086,555275,26529,3332,38185,0,1,0,0,0,0,0,0,1,0
1/5/2021,411594,2881,1521,15,9482220,77984,0.044,1458686,900984,557702,5325,3788,38735,0,1,0,0,0,0,0,1,1,0
2/5/2021,415012,3418,1533,12,9540805,58585,0.046,1474369,908587,565782,15683,2881,39958,0,1,0,0,0,0,0,0,1,0
3/5/2021,417512,2500,1551,18,,,0.046,1525417,933034,592383,51048,3418,40380,0,1,0,0,0,0,0,0,1,0
4/5/2021,420632,3120,1574,23,9658427,,0.047,1575100,963097,612003,49683,2500,41159,0,1,0,0,0,0,0,0,1,0
5/5/2021,424376,3744,1591,17,9738804,80377,0.047,1629956,995105,634851,54856,3120,42563,0,1,0,0,0,0,0,0,1,0
6/5/2021,427927,3551,1610,19,9821638,82834,0.047,1685629,1032050,653579,55673,3744,43239,0,1,0,0,0,0,0,0,1,0
7/5/2021,432425,4498,1632,22,9904314,82676,0.047,1733254,1064249,669005,47625,3551,44890,0,1,0,0,0,0,0,0,1,0
8/5/2021,436944,4519,1657,25,9980413,76099,0.051,1760182,1082803,677379,26928,4498,46692,0,1,0,0,0,0,0,0,1,0
9/5/2021,440677,3733,1683,26,10055506,75093,0.05,1792542,1108591,683951,32360,4519,47735,0,1,0,0,0,0,0,0,1,0
10/5/2021,444484,3807,1700,17,,,0.053,1853895,1145186,708709,61353,3733,48766,0,1,0,0,0,0,0,0,1,0
11/5/2021,448457,3973,1722,22,10169657,,0.054,1902730,1175638,727092,48835,3807,50006,0,1,0,0,0,0,0,0,1,0
12/5/2021,453222,4765,1761,39,10257115,87458,0.056,1920831,1185931,734900,18101,3973,51629,0,1,0,0,0,0,0,0,1,0
13/5/2021,458077,4855,1788,27,10341089,83974,0.058,1920948,1186042,734906,117,4765,53152,0,0,0,0,1,0,0,1,1,0
14/5/2021,462190,4113,1822,34,10397529,56440,0.06,1920976,1186063,734913,28,4855,53477,0,0,0,0,1,0,0,1,1,0
15/5/2021,466330,4140,1866,44,10445009,47480,0.063,1931735,1196233,735502,10759,4113,54736,0,0,0,0,1,0,0,1,1,0
16/5/2021,470110,3780,1902,36,10503288,58279,0.066,1942039,1206211,735828,10304,4140,55098,0,0,0,0,1,0,0,1,1,0
17/5/2021,474556,4446,1947,45,10573102,69814,0.065,2002521,1238626,763895,60482,3780,57044,0,0,0,0,1,0,0,0,1,0
18/5/2021,479421,4865,1994,47,10663780,90678,0.063,2080366,1284229,796137,77845,4446,58789,0,0,0,0,1,0,0,0,1,0
19/5/2021,485496,6075,2040,46,10765602,101822,0.063,2164315,1334199,830116,83949,4865,61120,0,0,0,0,1,0,0,0,0,0
20/5/2021,492302,6806,2099,59,10876983,111381,0.064,2245220,1393224,851996,80905,6075,64375,0,0,0,0,1,0,0,0,0,0
21/5/2021,498795,6493,2149,50,10986099,109116,0.062,2306096,1435367,870729,60876,6806,66370,0,0,0,0,1,0,0,0,0,0
22/5/2021,505115,6320,2199,50,11100126,114027,0.059,2352352,1478478,873874,46256,6493,68171,0,0,0,0,1,0,0,0,0,0
23/5/2021,512091,6976,2248,49,11206334,106208,0.06,2398614,1516388,882226,46262,6320,71414,0,0,0,0,1,0,0,0,0,0
24/5/2021,518600,6509,2309,61,11301784,95450,0.06,2494095,1585900,908195,95481,6976,74116,0,0,0,0,1,0,0,0,0,0
25/5/2021,525889,7289,2369,60,11398905,97121,0.063,2594261,1655412,938849,100166,6509,77432,0,0,0,0,1,0,0,0,0,0
26/5/2021,533367,7478,2432,63,,,0.069,2616444,1675699,940745,22183,7289,80145,0,0,0,0,1,0,0,1,1,0
27/5/2021,541224,7857,2491,59,11513351,,0.077,2724239,1734099,990140,107795,7478,83147,0,0,0,0,1,0,0,0,0,0
28/5/2021,549514,8290,2552,61,11740855,227504,0.067,2798364,1780826,1017538,74125,7857,87324,0,0,0,0,1,0,0,0,0,0
29/5/2021,558534,9020,2650,98,11867335,126480,0.07,2864226,1831746,1032480,65862,8290,92204,0,0,0,0,1,0,0,0,0,0
30/5/2021,565533,6999,2729,79,11976897,109562,0.069,2926813,1870031,1056782,62587,9020,95423,0,0,0,0,1,0,0,0,0,0
31/5/2021,572357,6824,2796,67,12066124,89227,0.07,3022871,1937547,1085324,96058,6999,97801,0,0,0,0,1,0,0,0,0,0
1/6/2021,579462,7105,2867,71,12167009,100885,0.07,3122431,2012743,1109688,99560,6824,100041,0,0,0,0,0,1,0,0,0,0
2/6/2021,587165,7703,2993,126,12267297,100288,0.066,3228958,2109443,1119515,106527,7105,101669,0,0,0,0,0,1,0,0,0,0
3/6/2021,595374,8209,3096,103,12371406,104109,0.063,3347590,2220330,1127260,118632,7703,103072,0,0,0,0,0,1,0,0,0,0
4/6/2021,603122,7748,3182,86,12476699,105293,0.073,3438522,2306344,1132178,90932,8209,104327,0,0,0,0,0,1,0,0,0,0
5/6/2021,610574,7452,3291,109,12580561,103862,0.073,3511710,2378129,1133581,73188,7748,105459,0,0,0,0,0,1,0,0,0,0
6/6/2021,616815,6241,3378,87,12670559,89998,0.074,3593964,2458813,1135151,82254,7452,104724,0,0,0,0,0,1,0,0,0,0
7/6/2021,622086,5271,3460,82,12752267,81708,0.072,3659373,2519324,1140049,65409,6241,103486,0,0,0,0,0,1,0,1,1,0
8/6/2021,627652,5566,3536,76,12829297,77030,0.073,3813050,2627042,1186008,153677,5271,101763,0,0,0,0,0,1,0,0,0,0
9/6/2021,633891,6239,3611,75,12920184,90887,0.072,3969279,2742786,1226493,156229,5566,100524,0,0,0,0,0,1,0,0,0,0
10/6/2021,639562,5671,3684,73,13020243,100059,0.068,4129774,2856129,1273645,160495,6239,98338,0,0,0,0,0,1,0,0,0,0
11/6/2021,646411,6849,3768,84,13120217,99974,0.067,4255521,2951731,1303790,125747,5671,96897,0,0,0,0,0,1,0,0,0,0
12/6/2021,652204,5793,3844,76,13210455,90238,0.066,4390313,3052843,1337470,134792,6849,93670,0,0,0,0,0,1,0,0,0,0
13/6/2021,657535,5331,3908,64,13290585,80130,0.066,4519869,3155572,1364297,129556,5793,92002,0,0,0,0,0,1,0,0,0,0
14/6/2021,662457,4922,3968,60,13360629,70044,0.066,4719784,3300134,1419650,199915,5331,90100,0,0,0,0,0,1,0,0,0,0
15/6/2021,667876,5419,4069,101,,,0.066,4938684,3463136,1475548,218900,4922,88414,0,0,0,0,0,1,0,0,0,0
16/6/2021,673026,5150,4142,73,13522560,,0.065,5149110,3665412,1483698,210426,5419,85861,0,0,0,0,0,1,0,0,0,0
17/6/2021,678764,5738,4202,60,13604929,82369,0.067,5374587,3846813,1527774,225477,5150,83390,0,0,0,0,0,1,0,0,0,0
18/6/2021,685204,6440,4276,74,13687898,82969,0.068,5556874,3996589,1560285,182287,5738,82082,0,0,0,0,0,1,0,0,0,0
19/6/2021,691115,5911,4348,72,13771611,83713,0.069,5723957,4127628,1596329,167083,6440,80541,0,0,0,0,0,1,0,0,0,0
20/6/2021,696408,5293,4408,60,13849262,77651,0.07,5866666,4246205,1620461,142709,5911,79593,0,0,0,0,0,1,0,0,0,0
21/6/2021,701019,4611,4477,69,13907646,58384,0.07,6106902,4432069,1674833,240236,5293,78933,0,0,0,0,0,1,0,0,0,0
22/6/2021,705762,4743,4554,77,13976710,69064,0.071,6360615,4625189,1735426,253713,4611,78110,0,0,0,0,0,1,0,0,0,0
23/6/2021,711006,5244,4637,83,14053346,76636,0.072,6619026,4804130,1814896,258411,4743,77115,0,0,0,0,0,1,0,0,0,0
24/6/2021,716847,5841,4721,84,14127888,74542,0.073,6891484,4982437,1909047,272458,5244,77285,0,0,0,0,0,1,0,0,0,0
25/6/2021,722659,5812,4803,82,14202036,74148,0.073,7110619,5133808,1976811,219135,5841,76248,0,0,0,0,0,1,0,0,0,0
26/6/2021,728462,5803,4884,81,14277789,75753,0.074,7302242,5269582,2032660,191623,5812,76258,0,0,0,0,0,1,0,0,0,0
27/6/2021,734048,5586,4944,60,14344758,66969,0.076,7473016,5375091,2097925,170774,5803,76513,0,0,0,0,0,1,0,0,0,0
28/6/2021,739266,5218,5001,57,,,0.076,7673404,5532258,2141146,200388,5586,76809,0,0,0,0,0,0,1,0,0,0
29/6/2021,745703,6437,5108,107,14473835,,0.08,7908067,5682086,2225981,234663,5218,77827,0,0,0,0,0,0,1,0,0,0
30/6/2021,751979,6276,5170,62,14557356,83521,0.081,8169499,5847478,2322021,261432,6437,78953,0,0,0,0,0,0,1,0,0,0
1/7/2021,758967,6988,5254,84,14645806,88450,0.081,8434920,6026909,2408011,265421,6276,80203,0,0,0,0,0,0,1,0,0,0
2/7/2021,765949,6982,5327,73,14734443,88637,0.081,8671496,6194269,2477227,236576,6988,80745,0,0,0,0,0,0,1,0,0,0
3/7/2021,772607,6658,5434,107,14819514,85071,0.081,8890766,6336753,2554013,219270,6982,81492,0,0,0,0,0,0,1,0,0,0
4/7/2021,778652,6045,5497,63,14899543,80029,0.08,9097088,6464278,2632810,206322,6658,82244,0,0,0,0,0,0,1,0,0,0
5/7/2021,785039,6387,5574,77,14965606,66063,0.082,9412632,6662407,2750225,315544,6045,84020,0,0,0,0,0,0,1,0,0,0
6/7/2021,792693,7654,5677,103,15047235,81629,0.082,9755501,6871787,2883714,342869,6387,86931,0,0,0,0,0,0,1,0,0,0
7/7/2021,799790,7097,5768,91,15133699,86464,0.083,10135099,7082881,3052218,379598,7654,88784,0,0,0,0,0,0,1,0,0,0
8/7/2021,808658,8868,5903,135,15228292,94593,0.085,10513594,7307149,3206445,378495,7097,91811,0,0,0,0,0,0,1,0,0,0
9/7/2021,817838,9180,5980,77,15325734,97442,0.088,10852007,7521301,3330706,338413,8868,95179,0,0,0,0,0,0,1,0,0,0
10/7/2021,827191,9353,6067,87,,,0.09,11178271,7736687,3441584,326264,9180,98729,0,0,0,0,0,0,1,0,0,0
11/7/2021,836296,9105,6158,91,15529169,,0.092,11470509,7927759,3542750,292238,9353,102248,0,0,0,0,0,0,1,0,0,0
12/7/2021,844870,8574,6260,102,15618851,89682,0.092,11893006,8192679,3700327,422497,9105,105604,0,0,0,0,0,0,1,0,0,0
13/7/2021,855949,11079,6385,125,15735720,116869,0.092,12317752,8453525,3864227,424746,8574,110246,0,0,0,0,0,0,1,0,0,0
14/7/2021,867567,11618,6503,118,15866357,130637,0.093,12754998,8735467,4019531,437246,11079,115588,0,0,0,0,0,0,1,0,0,0
15/7/2021,880782,13215,6613,110,16000926,134569,0.093,13218276,9043201,4175075,463278,11618,121815,0,0,0,0,0,0,1,0,0,0
16/7/2021,893323,12541,6728,115,16140934,140008,0.093,13626062,9320933,4305129,407786,13215,127374,0,0,0,0,0,0,1,0,0,0
17/7/2021,905851,12528,6866,138,16272826,131892,0.093,14008665,9576780,4431885,382603,12541,133244,0,0,0,0,0,0,1,0,1,0
18/7/2021,916561,10710,7019,153,16396212,123386,0.093,14354692,9822423,4532269,346027,12528,137909,0,0,0,0,0,0,1,0,1,0
19/7/2021,927533,10972,7148,129,16498406,102194,0.094,14780333,10104867,4675466,425641,10710,142494,0,0,0,0,0,0,1,0,1,0
20/7/2021,939899,12366,7241,93,16622925,124519,0.095,15080992,10309000,4771992,300659,10972,147206,0,0,0,0,0,0,1,1,1,0
21/7/2021,951884,11985,7440,199,,,0.097,15529433,10593509,4935924,448441,12366,152094,0,0,0,0,0,0,1,0,1,0
22/7/2021,964918,13034,7574,134,16846976,,0.099,16037614,10929816,5107798,508181,11985,156260,0,0,0,0,0,0,1,0,0,0
23/7/2021,980491,15573,7718,144,16984302,137326,0.103,16500564,11231497,5269067,462950,13034,162653,0,0,0,0,0,0,1,0,0,0
24/7/2021,996393,15902,7902,184,17139495,155193,0.104,16918418,11516227,5402191,417854,15573,169202,0,0,0,0,0,0,1,0,0,0
25/7/2021,1013438,17045,7994,92,17276709,137214,0.11,17317553,11797708,5519845,399135,15902,177142,0,0,0,0,0,0,1,0,0,0
26/7/2021,1027954,14516,8201,207,17395899,119190,0.112,17839476,12131329,5708147,521923,17045,183084,0,0,0,0,0,0,1,0,0,0
27/7/2021,1044071,16117,8408,207,17543948,148049,0.113,18393347,12487441,5905906,553871,14516,188122,0,0,0,0,0,0,1,0,0,0
28/7/2021,1061476,17405,8551,143,,,,18946048,12841212,6104836,552701,16117,193909,0,0,0,0,0,0,1,0,0,0
29/7/2021,1078646,17170,8725,174,,,,19502452,13184742,6317710,556404,17405,197864,0,0,0,0,0,0,1,0,0,0
30/7/2021,1095486,16840,8725,0,,,,20014549,13500479,6514070,512097,17170,202163,0,0,0,0,0,0,1,0,0,0
